{
   "data": {
      "input": "[{\"age\": 1}, {\"age\": 9}, {\"agex\": 11}]",
      "apath": "// values conforming to a regex\n*?(*.match('^(1|2)'))",
      "sfuncs": ""
   },
   "geom": {
      "widget_input": {
         "pos": {
            "top": 101.88333129882812,
            "left": 45.21665954589844
         },
         "height": 482.133,
         "width": 591.433,
         "zindex": "103"
      },
      "widget_apath": {
         "pos": {
            "top": 101.86666870117188,
            "left": 655.8499755859375
         },
         "height": 315.9,
         "width": 609.567,
         "zindex": "104"
      },
      "widget_result": {
         "pos": {
            "top": 436.1333312988281,
            "left": 656.2000122070312
         },
         "height": 242,
         "width": 609.567,
         "zindex": "102"
      },
      "widget_sfuncs": {
         "pos": {
            "top": 602.38330078125,
            "left": 45.21665954589844
         },
         "height": 75.7333,
         "width": 591.433,
         "zindex": "101"
      }
   }
}