{
   "data": {
      "input": "{\n    \"cat\": {\n        \"age\": 1\n    }\n}",
      "apath": "cat.age",
      "sfuncs": ""
   },
   "geom": {
      "widget_input": {
         "pos": {
            "top": 104.35000610351562,
            "left": 252.11666870117188
         },
         "height": 506.467,
         "width": 449.083,
         "zindex": "103"
      },
      "widget_apath": {
         "pos": {
            "top": 104.33332824707031,
            "left": 715.7666625976562
         },
         "height": 331.833,
         "width": 462.883,
         "zindex": "102"
      },
      "widget_result": {
         "pos": {
            "top": 455.4666748046875,
            "left": 716.0166625976562
         },
         "height": 254.2,
         "width": 462.883,
         "zindex": "101"
      },
      "widget_sfuncs": {
         "pos": {
            "top": 630.11669921875,
            "left": 252.11666870117188
         },
         "height": 79.55,
         "width": 449.083,
         "zindex": "104"
      }
   },
   "breakpoints": []
}