{
   "data": {
      "input": "{ \n  \"cats\": [\"jo\", \"lu\"],\n  \"dogs\": [\"bay\", \"jo\"]\n}",
      "apath": "// 'nested loop' with variables in sequenced expressions\nff(x) = $x + 1,\ncat=nil, dog=nil,\ncats.*@cat,\ndogs.*@dog,\nif ($cat != $dog)\n   $cat + ' loves ' + $dog",
      "sfuncs": ""
   },
   "geom": {
      "widget_input": {
         "pos": {
            "top": 99.93333435058594,
            "left": 41.53334045410156
         },
         "height": 462.817,
         "width": 543.167,
         "zindex": "103"
      },
      "widget_apath": {
         "pos": {
            "top": 99.89999389648438,
            "left": 602.3333129882812
         },
         "height": 303.233,
         "width": 559.817,
         "zindex": "104"
      },
      "widget_result": {
         "pos": {
            "top": 420.79998779296875,
            "left": 602.6500244140625
         },
         "height": 232.3,
         "width": 559.817,
         "zindex": "102"
      },
      "widget_sfuncs": {
         "pos": {
            "top": 580.38330078125,
            "left": 41.53334045410156
         },
         "height": 72.6833,
         "width": 543.167,
         "zindex": "101"
      }
   }
}