{
   "data": {
      "input": "{\"names\": [\"jo\", \"lu\"]}",
      "apath": "// all array items\n{\"names\": [\"jo\", \"lu\"]}.names",
      "sfuncs": ""
   },
   "geom": {
      "widget_input": {
         "pos": {
            "top": 119.91667175292969,
            "left": 43.5
         },
         "height": 462.817,
         "width": 568.883,
         "zindex": "103"
      },
      "widget_apath": {
         "pos": {
            "top": 119.91667175292969,
            "left": 630.8499755859375
         },
         "height": 303.217,
         "width": 586.317,
         "zindex": "104"
      },
      "widget_result": {
         "pos": {
            "top": 440.79998779296875,
            "left": 631.183349609375
         },
         "height": 232.3,
         "width": 586.317,
         "zindex": "102"
      },
      "widget_sfuncs": {
         "pos": {
            "top": 600.38330078125,
            "left": 43.5
         },
         "height": 72.7,
         "width": 568.883,
         "zindex": "101"
      }
   },
   "ebreakpoints": []
}