{
   "data": {
      "input": "{\n    \"cat\": {\n        \"age\": 1,\n        \"name\": \"jo\"\n    }\n}",
      "apath": "func f() = _ + 99,\ncat.age.f()",
      "sfuncs": ""
   },
   "geom": {
      "widget_input": {
         "pos": {
            "top": 100.71665954589844,
            "left": 44
         },
         "height": 470.667,
         "width": 575.2,
         "zindex": "103"
      },
      "widget_apath": {
         "pos": {
            "top": 100.69999694824219,
            "left": 637.8499755859375
         },
         "height": 308.4,
         "width": 592.833,
         "zindex": "104"
      },
      "widget_result": {
         "pos": {
            "top": 427.04998779296875,
            "left": 638.183349609375
         },
         "height": 236.25,
         "width": 592.833,
         "zindex": "102"
      },
      "widget_sfuncs": {
         "pos": {
            "top": 589.3333129882812,
            "left": 44
         },
         "height": 73.9333,
         "width": 575.2,
         "zindex": "101"
      }
   }
}